City,Temperature
Ningbo,30.0
Chongqing,29.666666666666668
Jinan,29.0
Shenzhen,27.5
Shijiazhuang,27.166666666666668
Guangzhou,27.166666666666668
Fuzhou,26.0
Hangzhou,25.818181818181817
Suzhou,25.666666666666668
Tianjin,25.5
Wuhan,25.0
Xi'an,24.875
Dalian,24.8
Zhengzhou,24.666666666666668
Shanghai,24.6
Beijing,24.5
Nanjing,24.0
Qingdao,21.25
Chengdu,18.0
